Autor;Titulo;Archivo;Volumen;Seccion;URL;Ano
Alejandro García-Aragón;Formantes griegos en el ámbito biosanitario: el caso de topos;panacea19-50_17_Entremeses_4_Garcia-Aragon.pdf;50;Entremeses;https://www.tremedica.org/wp-content/uploads/panacea19-50_17_Entremeses_4_Garcia-Aragon.pdf;2019
Ana M. Cabo-González;Editorial;panacea19-50_02_Editorial_CaboGonzalez.pdf;50;Editorial;https://www.tremedica.org/wp-content/uploads/panacea19-50_02_Editorial_CaboGonzalez.pdf;2019
Ana M. Cabo-González|Mila Mohamed Salem;Interesante reflexión de Ibn al-Ḏahabī (s. XI) sobre el secreto de la vida: el agua;panacea19-50_05_Tribuna_3_Cabo-Gonzalez_MohamedSalem.pdf;50;Tribuna;https://www.tremedica.org/wp-content/uploads/panacea19-50_05_Tribuna_3_Cabo-Gonzalez_MohamedSalem.pdf;2019
Camilo Álvarez de Morales;El arte de sanar en la Andalucía islámica;panacea19-50_03_Tribuna_1_AlvarezdeMorales.pdf;50;Tribuna;https://www.tremedica.org/wp-content/uploads/panacea19-50_03_Tribuna_1_AlvarezdeMorales.pdf;2019
Fernando M.ª Girón Irueste;La medicina árabe medieval;panacea19-50_07_Tribuna_5_GironIrueste.pdf;50;Tribuna;https://www.tremedica.org/wp-content/uploads/panacea19-50_07_Tribuna_5_GironIrueste.pdf;2019
Indalecio Lozano Cámara;Historia social y científica de la adormidera y el opio en el islam clásico: fuentes primarias y propuesta de investigación;panacea19-50_08_Tribuna_6_LozanoCamara.pdf;50;Tribuna;https://www.tremedica.org/wp-content/uploads/panacea19-50_08_Tribuna_6_LozanoCamara.pdf;2019
Joaquín Bustamante Costa;Una incorporación norteafricana y andalusí a la farmacopea medieval: los tubérculos comestibles de Sonchus bulbosus (L.) N. Kilian & Greuter;panacea19-50_04_Tribuna_2_BustamanteCosta.pdf;50;Tribuna;https://www.tremedica.org/wp-content/uploads/panacea19-50_04_Tribuna_2_BustamanteCosta.pdf;2019
José Luis Agud;De los trabajos y recompensas de la traducción;panacea19-50_14_Entremeses_1_Agud.pdf;50;Entremeses;https://www.tremedica.org/wp-content/uploads/panacea19-50_14_Entremeses_1_Agud.pdf;2019
Juan Pedro Monferrer-Sala;Traducciones árabes de fitónimos griegos y sus correspondencias arameas y hebreas;panacea19-50_09_Tribuna_7_Monferrer-Sala.pdf;50;Tribuna;https://www.tremedica.org/wp-content/uploads/panacea19-50_09_Tribuna_7_Monferrer-Sala.pdf;2019
María de la Concepción Vázquez de Benito;La terapia alternativa de la medicina árabe medieval;panacea19-50_10_Tribuna_8_VazquezdeBenito.pdf;50;Tribuna;https://www.tremedica.org/wp-content/uploads/panacea19-50_10_Tribuna_8_VazquezdeBenito.pdf;2019
María Luisa Rodríguez Muñoz;Nuestra ilustradora: oda a los cuasicristales de Inmaculada Rodríguez-Cunill;panacea19-50_18_Nuestra_ilustradora_RodriguezMunoz.pdf;50;Nuestr@ ilustrador@;https://www.tremedica.org/wp-content/uploads/panacea19-50_18_Nuestra_ilustradora_RodriguezMunoz.pdf;2019
Miquel Forcada;Granada safarī e higo dunniqāl: la transmisión de nombres y especies en al-Andalus;panacea19-50_06_Tribuna_4_Forcada.pdf;50;Tribuna;https://www.tremedica.org/wp-content/uploads/panacea19-50_06_Tribuna_4_Forcada.pdf;2019
Mohana Sultán;Los arabismos de los textos médicos latinos y castellanos;panacea19-50_12_Resenas_2_Sultan.pdf;50;Reseñas;https://www.tremedica.org/wp-content/uploads/panacea19-50_12_Resenas_2_Sultan.pdf;2019
Sara Solá Portillo;Ibn al-Kattānī: descubriendo al médico;panacea19-50_11_Resenas_1_SolaPortillo.pdf;50;Reseñas;https://www.tremedica.org/wp-content/uploads/panacea19-50_11_Resenas_1_SolaPortillo.pdf;2019
Soledad Díaz Alarcón;Visibilizar las enfermedades raras: una tarea común;panacea19-50_13_Resenas_3_DiazAlarcon.pdf;50;Reseñas;https://www.tremedica.org/wp-content/uploads/panacea19-50_13_Resenas_3_DiazAlarcon.pdf;2019
TERMCAT, Centre de Terminologia;És adequat dir «un brot de listèria»?;panacea19-50_15_Entremeses_2_Termcat.pdf;50;Entremeses;https://www.tremedica.org/wp-content/uploads/panacea19-50_15_Entremeses_2_Termcat.pdf;2019
Xavier Sierra Valentí;I amb la tornada a les aules, també tornen els polls!;panacea19-50_16_Entremeses_3_SierraValenti.pdf;50;Entremeses;https://www.tremedica.org/wp-content/uploads/panacea19-50_16_Entremeses_3_SierraValenti.pdf;2019
Adéla Kot’átková;Els casos clínics sobre afeccions mentals: entre la despersonalització i la humanització;panacea20-51_06_Tribuna_03_Kotatkova.pdf;51;Tribuna;https://www.tremedica.org/wp-content/uploads/panacea20-51_06_Tribuna_03_Kotatkova.pdf;2020
Alejandro García-Aragón;Formantes griegos en el ámbito biosanitario: el caso de -demia;panacea20-51_11_Entremeses_01_Garcia-Aragon.pdf;51;Entremeses;https://www.tremedica.org/wp-content/uploads/panacea20-51_11_Entremeses_01_Garcia-Aragon.pdf;2020
Alejandro García-Aragón;Remigrantes o contrapréstamos griegos en el ámbito biosanitario: el caso de quimera;panacea20-51_12_Entremeses_02_Garcia-Aragon.pdf;51;Entremeses;https://www.tremedica.org/wp-content/uploads/panacea20-51_12_Entremeses_02_Garcia-Aragon.pdf;2020
Amelia Megía Guerrero|Carmen Quijada Diez;Untersuchung und Vergleich der Wissenschaftssprache in deutschen und spanischen Bachelorarbeiten im Rahmen der Biotechnologie;panacea20-51_07_Tribuna_04_MegiaGuerrero_QuijadaDiez.pdf;51;Tribuna;https://www.tremedica.org/wp-content/uploads/panacea20-51_07_Tribuna_04_MegiaGuerrero_QuijadaDiez.pdf;2020
Ana M. Cabo-González|Paloma Fernández-Sedano|Mila Mohamed Salem;El Kitāb fī l-šarāb o Tratado sobre el vino de Abū Bakr Zakāriyā’ al-Rāzī. Estudio del manuscrito misceláneo n.º 5240 de la Biblioteca Nacional (España), edición y traducción de los folios 73r-82r (maqāla primera, parte primera);panacea20-51_05_Tribuna_02_Cabo-Gonzalez_et_al.pdf;51;Tribuna;https://www.tremedica.org/wp-content/uploads/panacea20-51_05_Tribuna_02_Cabo-Gonzalez_et_al.pdf;2020
Elena Alcalde Peñalver|Alexandra Santamaría Urbieta;Enhancing medical translation skills through a gamified experience. Failure or success?;panacea20-51_04_Tribuna_01_AlcaldePenalver_SantamariaUrbieta.pdf;51;Tribuna;https://www.tremedica.org/wp-content/uploads/panacea20-51_04_Tribuna_01_AlcaldePenalver_SantamariaUrbieta.pdf;2020
Ellen Bay;Summary of a Workshop on the Humanities and Soft Skills in Medical Education;panacea20-51_15_Resenas_01_Bay.pdf;51;Reseñas;https://www.tremedica.org/wp-content/uploads/panacea20-51_15_Resenas_01_Bay.pdf;2020
Itziar Molina Sangüesa;Epónimos en la formación de la terminología biomédica: leishmania y sus relaciones morfogenéticas en el NDHE;panacea20-51_08_Tribuna_05_MolinaSanguesa.pdf;51;Tribuna;https://www.tremedica.org/wp-content/uploads/panacea20-51_08_Tribuna_05_MolinaSanguesa.pdf;2020
María del Carmen Méndez Santos;El poder de la valencia afectiva de la palabra cáncer;panacea20-51_18_Resenas_04_MendezSantos.pdf;51;Reseñas;https://www.tremedica.org/wp-content/uploads/panacea20-51_18_Resenas_04_MendezSantos.pdf;2020
María Luisa Rodríguez Muñoz;Nuestra ilustradora: arteterapia y periodismo de guerra de Marta Morón;panacea20-51_19_Nuestra_ilustradora_RodriguezMunoz.pdf;51;Nuestr@ ilustrador@;https://www.tremedica.org/wp-content/uploads/panacea20-51_19_Nuestra_ilustradora_RodriguezMunoz.pdf;2020
María Pascual Cabrerizo;La traducción agroalimentaria como variedad de traducción especializada;panacea20-51_16_Resenas_02_PascualCabrerizo.pdf;51;Reseñas;https://www.tremedica.org/wp-content/uploads/panacea20-51_16_Resenas_02_PascualCabrerizo.pdf;2020
Marta Franco López;El español médico en Estados Unidos;panacea20-51_17_Resenas_03_FrancoLopez.pdf;51;Reseñas;https://www.tremedica.org/wp-content/uploads/panacea20-51_17_Resenas_03_FrancoLopez.pdf;2020
Óscar Alberto Morales|Bexi Perdomo|Daniel Cassany i Comas|Élix Izarra;Estructuras morfosintácticas y funciones retóricas de títulos de revisiones sistemáticas publicadas en español en revistas odontológicas: un análisis de género discursivo;panacea20-51_09_Tribuna_06_Morales_et_al.pdf;51;Tribuna;https://www.tremedica.org/wp-content/uploads/panacea20-51_09_Tribuna_06_Morales_et_al.pdf;2020
Pilar Castillo Bernal;Tiempos extraordinarios;panacea20-51_02_Editorial_CastilloBernal.pdf;51;Editorial;https://www.tremedica.org/wp-content/uploads/panacea20-51_02_Editorial_CastilloBernal.pdf;2020
Salvador Perpiñá;Guardar cama;panacea20-51_03_Miscelanea_Perpina.pdf;51;Miscelánea;https://www.tremedica.org/wp-content/uploads/panacea20-51_03_Miscelanea_Perpina.pdf;2020
Sergio Rodríguez-Tapia;El grado de especialización textual del discurso médico en español: análisis basado en corpus desde la teoría de la percepción;panacea20-51_10_Tribuna_07_Rodriguez-Tapia.pdf;51;Tribuna;https://www.tremedica.org/wp-content/uploads/panacea20-51_10_Tribuna_07_Rodriguez-Tapia.pdf;2020
TERMCAT, Centre de Terminologia;COVID-19 i recerca de medicaments;panacea20-51_13_Entremeses_03_Termcat.pdf;51;Entremeses;https://www.tremedica.org/wp-content/uploads/panacea20-51_13_Entremeses_03_Termcat.pdf;2020
TERMCAT, Centre de Terminologia;Les UCI o les UCIs?;panacea20-51_14_Entremeses_04_Termcat.pdf;51;Entremeses;https://www.tremedica.org/wp-content/uploads/panacea20-51_14_Entremeses_04_Termcat.pdf;2020
Verónica Saladrigas|Laura Munoa|Fernando A. Navarro|Paz Gómez Polledo;Glosario de covid-19 (EN-ES) abreviado;panacea20-51_sup_glosario_covid-19.pdf;51;Suplemento;https://www.tremedica.org/wp-content/uploads/panacea20-51_sup_glosario_covid-19.pdf;2020
Alejandro García-Aragón;Formantes griegos en el ámbito biosanitario: el caso de –demia (primera ampliación);panacea20-52_20_Entremeses_Garcia-Aragon_EncinaSantiso.pdf;52;Entremeses;https://www.tremedica.org/wp-content/uploads/panacea20-52_20_Entremeses_Garcia-Aragon_EncinaSantiso.pdf;2020
Juan Encina Santiso;Formantes griegos en el ámbito biosanitario: el caso de –demia (primera ampliación);panacea20-52_20_Entremeses_Garcia-Aragon_EncinaSantiso.pdf;52;Entremeses;https://www.tremedica.org/wp-content/uploads/panacea20-52_20_Entremeses_Garcia-Aragon_EncinaSantiso.pdf;2020
Alexandra Soares Rodrigues;Nombres y adjetivos sufijados en –(t)óri(o) y –(t)iv(o) en el dominio de la farmacología y de la medicina en el siglo XVIII en portugués;panacea20-52_09_Tribuna_SoaresRodrigues.pdf;52;Tribuna;https://www.tremedica.org/wp-content/uploads/panacea20-52_09_Tribuna_SoaresRodrigues.pdf;2020
Ana Vieira Barbosa;Do conhecimento da doença à sua nomeação: uma viagem pelo Tratado da Conservaçaõ da Saude dos Povos, de António Ribeiro Sanches;panacea20-52_08_Tribuna_VieiraBarbosa.pdf;52;Tribuna;https://www.tremedica.org/wp-content/uploads/panacea20-52_08_Tribuna_VieiraBarbosa.pdf;2020
Ángel Martín García|Sergio Barrientos Trigo|María Puy López Zabarte|Daniel Muñoz Jiménez|Roberto Rodríguez Rego|María Ángeles Saz Roy;La importancia de escribir con cuidado para publicar;panacea20-52_05_Miscelanea_MartinGarcia_et_al.pdf;52;Miscelánea;https://www.tremedica.org/wp-content/uploads/panacea20-52_05_Miscelanea_MartinGarcia_et_al.pdf;2020
Antonia Vieira dos Santos;Considerações linguísticas sobre as propostas de substituição do termo agrotóxico na legislação brasileira;panacea20-52_13_Tribuna_VieiradosSantos.pdf;52;Tribuna;https://www.tremedica.org/wp-content/uploads/panacea20-52_13_Tribuna_VieiradosSantos.pdf;2020
Elena Alcalde Peñalver;Retos de la traducción científico-técnica profesional: Teoría, metodología y recursos;panacea20-52_15_Resenas_AlcaldePenalver.pdf;52;Reseñas;https://www.tremedica.org/wp-content/uploads/panacea20-52_15_Resenas_AlcaldePenalver.pdf;2020
Graça Rio-Torto;As denominações cancro e câncer no português europeu e brasileiro;panacea20-52_06_Tribuna_Rio-Torto.pdf;52;Tribuna;https://www.tremedica.org/wp-content/uploads/panacea20-52_06_Tribuna_Rio-Torto.pdf;2020
Graça Rio-Torto|Alexandra Soares Rodrigues;Prólogo: El portugués de especialidad en las ciencias de la salud y de la vida;panacea20-52_02_Prologo_Rio-Torto_Soares-Rodrigues.pdf;52;Editorial;https://www.tremedica.org/wp-content/uploads/panacea20-52_02_Prologo_Rio-Torto_Soares-Rodrigues.pdf;2020
Lorenzo Gallego Borghini;¿Quién lo usó por vez primera? «DRESS»;panacea20-52_19_Entremeses_GallegoBorghini.pdf;52;Entremeses;https://www.tremedica.org/wp-content/uploads/panacea20-52_19_Entremeses_GallegoBorghini.pdf;2020
Lorenzo Gallego Borghini;El «síndrome de resignación»;panacea20-52_23_Entremeses_GallegoBorghini.pdf;52;Entremeses;https://www.tremedica.org/wp-content/uploads/panacea20-52_23_Entremeses_GallegoBorghini.pdf;2020
M.ª del Mar Ogea Pozo;La opulencia del lenguaje médico: etimología, jerga, dudas y otras curiosidades del habla biosanitaria;panacea20-52_14_Resenas_OgeaPozo.pdf;52;Reseñas;https://www.tremedica.org/wp-content/uploads/panacea20-52_14_Resenas_OgeaPozo.pdf;2020
Maria Filomena Gonçalves;A Arte de Enfermeiros (1741): aspetos do léxico relativo a doenças e remédios no século XVIII;panacea20-52_10_Tribuna_Goncalves.pdf;52;Tribuna;https://www.tremedica.org/wp-content/uploads/panacea20-52_10_Tribuna_Goncalves.pdf;2020
Maria José Bocorny Finatto;Medicina em português no século XVIII: desafios da Terminologia Diacrônica no cenário das Humanidades Digitais;panacea20-52_07_Tribuna_BocornyFinatto.pdf;52;Tribuna;https://www.tremedica.org/wp-content/uploads/panacea20-52_07_Tribuna_BocornyFinatto.pdf;2020
María Luisa Rodríguez Muñoz;Nuestra ilustradora: sindemias de Rosa de Gabriel;panacea20-52_24_Nuestra_ilustradora_RodriguezMunoz.pdf;52;Nuestr@ ilustrador@;https://www.tremedica.org/wp-content/uploads/panacea20-52_24_Nuestra_ilustradora_RodriguezMunoz.pdf;2020
Raquel Sanz-Moreno;Acercamiento multidisciplinar a la deontología profesional en interpretación en los servicios públicos;panacea20-52_17_Resenas_Sanz-Moreno.pdf;52;Reseñas;https://www.tremedica.org/wp-content/uploads/panacea20-52_17_Resenas_Sanz-Moreno.pdf;2020
Rosario Fernández Flórez|Dolors Giró Formatger|Purificación Morado Quiñoá|Ana María Porcel Gálvez|Claudio Alberto Rodríguez Suárez|Francisca Sánchez Ayllón;El lenguaje del cuidado;panacea20-52_04_Miscelanea_FernandezFlorez_et_al.pdf;52;Miscelánea;https://www.tremedica.org/wp-content/uploads/panacea20-52_04_Miscelanea_FernandezFlorez_et_al.pdf;2020
Rui Pereira;Nomes eventivos usados na farmacologia portuguesa do século XVIII;panacea20-52_12_Tribuna_Pereira.pdf;52;Tribuna;https://www.tremedica.org/wp-content/uploads/panacea20-52_12_Tribuna_Pereira.pdf;2020
Rui Pereira;O atrevimento de se escrever em português;panacea20-52_18_Resenas_Pereira.pdf;52;Reseñas;https://www.tremedica.org/wp-content/uploads/panacea20-52_18_Resenas_Pereira.pdf;2020
Salvador Perpiñá;Encore;panacea20-52_03_Miscelanea_Perpina.pdf;52;Miscelánea;https://www.tremedica.org/wp-content/uploads/panacea20-52_03_Miscelanea_Perpina.pdf;2020
Sílvia Ribeiro;Nomes de propriedades/qualidades em farmacopeias portuguesas dos séculos XVIII e XIX;panacea20-52_11_Tribuna_Ribeiro.pdf;52;Tribuna;https://www.tremedica.org/wp-content/uploads/panacea20-52_11_Tribuna_Ribeiro.pdf;2020
TERMCAT, Centre de Terminologia;Prevenció del càncer de pell;panacea20-52_21_Entremeses_Termcat.pdf;52;Entremeses;https://www.tremedica.org/wp-content/uploads/panacea20-52_21_Entremeses_Termcat.pdf;2020
TERMCAT, Centre de Terminologia;Terminologia de la pandèmia (I);panacea20-52_22_Entremeses_Termcat.pdf;52;Entremeses;https://www.tremedica.org/wp-content/uploads/panacea20-52_22_Entremeses_Termcat.pdf;2020
Ximena Iglesias Carrillo;El cristal con que se mira;panacea20-52_16_Resenas_IglesiasCarrillo.pdf;52;Reseñas;https://www.tremedica.org/wp-content/uploads/panacea20-52_16_Resenas_IglesiasCarrillo.pdf;2020
Alejandro García-Aragón;Formantes griegos en el ámbito biosanitario: el caso de pan(to)-;panacea21-53_15_Entremeses_01_Garcia-Aragon.pdf;53;Entremeses;https://www.tremedica.org/wp-content/uploads/panacea21-53_15_Entremeses_01_Garcia-Aragon.pdf;2021
Alejandro García-Aragón;Formantes griegos en el ámbito biosanitario: el caso de -poyesis;panacea21-53_16_Entremeses_02_Garcia-Aragon.pdf;53;Entremeses;https://www.tremedica.org/wp-content/uploads/panacea21-53_16_Entremeses_02_Garcia-Aragon.pdf;2021
Ana M. Cabo-González|Paloma Fernández-Sedano|Mila Mohamed Salem;El Kitāb fī l-šarāb o Tratado sobre el vino de Abū Bakr Zakāriyā’ al-Rāzī. Estudio del manuscrito misceláneo n.º 5240 de la Biblioteca Nacional (España), edición y traducción de los folios 77r-82r (maqāla primera, segunda parte);panacea21-53_07_Tribuna_01_Cabo-Gonzalez_Fernandez-Sedano_MohamedSalem.pdf;53;Tribuna;https://www.tremedica.org/wp-content/uploads/panacea21-53_07_Tribuna_01_Cabo-Gonzalez_Fernandez-Sedano_MohamedSalem.pdf;2021
Claire M. Graham Besson;Falacias y pensamiento crítico en el ámbito médico-sanitario;panacea21-53_19_Resenas_01_GrahamBesson.pdf;53;Reseñas;https://www.tremedica.org/wp-content/uploads/panacea21-53_19_Resenas_01_GrahamBesson.pdf;2021
Cristina Álvaro Aranda|Raquel Lázaro Gutiérrez;La formación en interpretación sanitaria y su camino hacia la profesionalización: un análisis de itinerarios formativos propuestos desde distintas entidades en España;panacea21-53_10_Tribuna_04_AlvaroAranda_LazaroGutierrez.pdf;53;Tribuna;https://www.tremedica.org/wp-content/uploads/panacea21-53_10_Tribuna_04_AlvaroAranda_LazaroGutierrez.pdf;2021
Cristina Rodríguez-Faneca;Fundamentos teóricos y principios metodológicos para la creación de bases de datos terminológicas. El caso de BTERAD dentro del campo de las enfermedades raras del aparato digestivo;panacea21-53_14_Tribuna_08_Rodriguez-Faneca.pdf;53;Tribuna;https://www.tremedica.org/wp-content/uploads/panacea21-53_14_Tribuna_08_Rodriguez-Faneca.pdf;2021
Elena Castellano Ortolá;Una genealogía femenina del conocimiento medieval a través de la traducción: una nueva propuesta ejemplificada por la transmisión de los manuscritos de Trotula;panacea21-53_08_Tribuna_02_CastellanoOrtola.pdf;53;Tribuna;https://www.tremedica.org/wp-content/uploads/panacea21-53_08_Tribuna_02_CastellanoOrtola.pdf;2021
Enrique de Miranda;De la ciencia y la consciencia;panacea21-53_03_Opinion_DeMiranda.pdf;53;Opinión;https://www.tremedica.org/wp-content/uploads/panacea21-53_03_Opinion_DeMiranda.pdf;2021
Goretti García Morales|Mónica Santana García;La comunicación con extranjeros en el Servicio Canario de la Salud y el empleo de aplicaciones de traducción médica en este contexto;panacea21-53_12_Tribuna_06_GarciaMorales-SantanaGarcia.pdf;53;Tribuna;https://www.tremedica.org/wp-content/uploads/panacea21-53_12_Tribuna_06_GarciaMorales-SantanaGarcia.pdf;2021
Jésica López Hernández|Ángela Almela;Detección automática de errores lingüísticos en textos clínicos: análisis de patrones de error en varias especialidades médicas;panacea21-53_13_Tribuna_07_LopezHernandez-Almela.pdf;53;Tribuna;https://www.tremedica.org/wp-content/uploads/panacea21-53_13_Tribuna_07_LopezHernandez-Almela.pdf;2021
Lorenzo Gallego Borghini;A vueltas con evidence;panacea21-53_04_Terminologia_01_GallegoBorghini.pdf;53;Terminología;https://www.tremedica.org/wp-content/uploads/panacea21-53_04_Terminologia_01_GallegoBorghini.pdf;2021
M. Gonzalo Claros Díaz|Pilar Comín Sebastián;Artículo definido y nombre científico de los seres vivos: la extraña pareja;panacea21-53_05_Terminologia_02_ClarosDiaz_CominSebastian.pdf;53;Terminología;https://www.tremedica.org/wp-content/uploads/panacea21-53_05_Terminologia_02_ClarosDiaz_CominSebastian.pdf;2021
María del Carmen López Ruiz;La traducción de textos médicos en inglés, español y francés. Cuestiones terminológicas y recursos documentales a propósito de la Estrategia Nacional contra el VIH y el sida para los Estados Unidos;panacea21-53_06_Terminologia_03_LopezRuiz.pdf;53;Terminología;https://www.tremedica.org/wp-content/uploads/panacea21-53_06_Terminologia_03_LopezRuiz.pdf;2021
María Estévez Rodríguez;Errores y desafíos en la comunicación farmacológica: dos caras de la misma moneda en tiempo de pandemia;panacea21-53_20_Resenas_02_EstevezRodriguez.pdf;53;Reseñas;https://www.tremedica.org/wp-content/uploads/panacea21-53_20_Resenas_02_EstevezRodriguez.pdf;2021
María Fernández de Casadevante Mayordomo;Mediación lingüística en el contexto sanitario: aspectos a considerar para un servicio óptimo;panacea21-53_11_Tribuna_05_FernandezdeCasadevanteMayordomo.pdf;53;Tribuna;https://www.tremedica.org/wp-content/uploads/panacea21-53_11_Tribuna_05_FernandezdeCasadevanteMayordomo.pdf;2021
María Luisa Rodríguez Muñoz;Paisajes del cuerpo de Mireia Cifuentes;panacea21-53_21_Nuestra_ilustradora_RodriguezMunoz.pdf;53;Nuestr@ ilustrador@;https://www.tremedica.org/wp-content/uploads/panacea21-53_21_Nuestra_ilustradora_RodriguezMunoz.pdf;2021
Pilar Castillo Bernal;La nueva normalidad;panacea21-53_02_Editorial_CastilloBernal.pdf;53;Editorial;https://www.tremedica.org/wp-content/uploads/panacea21-53_02_Editorial_CastilloBernal.pdf;2021
Rafael Porlán Moreno;La preparación de congresos médicos por los intérpretes: propuestas extraídas del entorno profesional;panacea21-53_09_Tribuna_03_PorlanMoreno.pdf;53;Tribuna;https://www.tremedica.org/wp-content/uploads/panacea21-53_09_Tribuna_03_PorlanMoreno.pdf;2021
TERMCAT, Centre de Terminologia;Terminologia de la pandèmia (II);panacea21-53_17_Entremeses_03_TERMCAT.pdf;53;Entremeses;https://www.tremedica.org/wp-content/uploads/panacea21-53_17_Entremeses_03_TERMCAT.pdf;2021
TERMCAT, Centre de Terminologia;El Lèxic de fàrmacs, una obra sempre al dia;panacea21-53_18_Entremeses_04_TERMCAT.pdf;53;Entremeses;https://www.tremedica.org/wp-content/uploads/panacea21-53_18_Entremeses_04_TERMCAT.pdf;2021
Alejandro García-Aragón;Formantes griegos en el ámbito biosanitario: el caso de embol–;panacea21-54_15_Entremeses_Garcia-Aragon.pdf;54;Entremeses;https://www.tremedica.org/wp-content/uploads/panacea21-54_15_Entremeses_Garcia-Aragon.pdf;2021
Alejandro García-Aragón;Formantes griegos en el ámbito biosanitario el caso de glauc–;panacea21-54_16_Entremeses_Garcia-Aragon.pdf;54;Entremeses;https://www.tremedica.org/wp-content/uploads/panacea21-54_16_Entremeses_Garcia-Aragon.pdf;2021
André Höchemer;La traducción y adaptación de cómic, un campo académico en mantillas, pero con futuro;panacea21-54_11_Resenas_Hochemer.pdf;54;Reseñas;https://www.tremedica.org/wp-content/uploads/panacea21-54_11_Resenas_Hochemer.pdf;2021
Carlos Mayor;Entrevista a Regina López Muñoz, traductora de la patografía gráfica Epiléptico. El ascenso del Gran Mal;panacea21-54_03_Entrevista_Mayor.pdf;54;Entrevista;https://www.tremedica.org/wp-content/uploads/panacea21-54_03_Entrevista_Mayor.pdf;2021
Francisco Rodríguez Rodríguez;Oralidad, hibridación y lenguajes de especialidad en la traducción de medicina gráfica;panacea21-54_07_Tribuna_RodriguezRodriguez.pdf;54;Tribuna;https://www.tremedica.org/wp-content/uploads/panacea21-54_07_Tribuna_RodriguezRodriguez.pdf;2021
Ingrid Cobos López;La traducción social como instrumento para la medicina gráfica;panacea21-54_08_Tribuna_CobosLopez.pdf;54;Tribuna;https://www.tremedica.org/wp-content/uploads/panacea21-54_08_Tribuna_CobosLopez.pdf;2021
Juan Antonio Prieto Velasco;Desterminologización gráfica en la traducción heterofuncional: análisis de la novela gráfica sobre la covid-19 Un mundo, un desafío;panacea21-54_06_Tribuna_PrietoVelasco.pdf;54;Tribuna;https://www.tremedica.org/wp-content/uploads/panacea21-54_06_Tribuna_PrietoVelasco.pdf;2021
Luz Martínez|Charlotte Blanchard;El cómic de temática médico-sanitaria como soporte didáctico para la formación de traductores médicos: análisis contrastivo en francés y español;panacea21-54_05_Tribuna_Martinez_Blanchard.pdf;54;Tribuna;https://www.tremedica.org/wp-content/uploads/panacea21-54_05_Tribuna_Martinez_Blanchard.pdf;2021
M.ª Blanca Mayor Serrano;Medicina gráfica y traducción: docencia e investigación en torno al cómic médico-sanitario;panacea21-54_02_Editorial_MayorSerrano.pdf;54;Editorial;https://www.tremedica.org/wp-content/uploads/panacea21-54_02_Editorial_MayorSerrano.pdf;2021
Marc Bernabé|Jesús Terán;El manga médico: historia, desarrollo, mercado y traducción;panacea21-54_04_Tribuna_Bernabe_Teran.pdf;54;Tribuna;https://www.tremedica.org/wp-content/uploads/panacea21-54_04_Tribuna_Bernabe_Teran.pdf;2021
María Luisa Rodríguez Muñoz;Nuestra ilustradora: Pasitos de Elefante, de Paula Benítez;panacea21-54_17_Nuestra_ilustradora_RodriguezMunoz.pdf;54;Nuestr@ ilustrador@;https://www.tremedica.org/wp-content/uploads/panacea21-54_17_Nuestra_ilustradora_RodriguezMunoz.pdf;2021
Núria Molines Galarza;La traducción del cómic: aportaciones de la narratología y el concepto de enunciación fílmica;panacea21-54_09_Tribuna_MolinesGalarza.pdf;54;Tribuna;https://www.tremedica.org/wp-content/uploads/panacea21-54_09_Tribuna_MolinesGalarza.pdf;2021
Susana Rodríguez Barcia;La importancia social de traducir cómics;panacea21-54_12_Resenas_RodriguezBarcia.pdf;54;Reseñas;https://www.tremedica.org/wp-content/uploads/panacea21-54_12_Resenas_RodriguezBarcia.pdf;2021
TERMCAT, Centre de Terminologia;Els noms de les variants del SARS-CoV-2;panacea21-54_13_Entremeses_TERMCAT.pdf;54;Entremeses;https://www.tremedica.org/wp-content/uploads/panacea21-54_13_Entremeses_TERMCAT.pdf;2021
TERMCAT, Centre de Terminologia;La Terminologia de les vacunes, en línia;panacea21-54_14_Entremeses_TERMCAT.pdf;54;Entremeses;https://www.tremedica.org/wp-content/uploads/panacea21-54_14_Entremeses_TERMCAT.pdf;2021
Yailen A. del Pino de Piña;¿Conversamos sobre cómics? Grafismos y formas narrativas en el congreso internacional Comics in Dialogue;panacea21-54_10_Resenas_delPinodePina.pdf;54;Reseñas;https://www.tremedica.org/wp-content/uploads/panacea21-54_10_Resenas_delPinodePina.pdf;2021
Alejandro García-Aragón;Formantes griegos en el ámbito biosanitario: el caso de mela(n)-;panacea22-55_11_Entremeses_01_Garcia-Aragon.pdf;55;Entremeses;https://www.tremedica.org/wp-content/uploads/panacea22-55_11_Entremeses_01_Garcia-Aragon.pdf;2022
Alejandro García-Aragón;Formantes griegos en el ámbito biosanitario: los casos de -crea(s/t) y sarc-;panacea22-55_12_Entremeses_02_Garcia-Aragon.pdf;55;Entremeses;https://www.tremedica.org/wp-content/uploads/panacea22-55_12_Entremeses_02_Garcia-Aragon.pdf;2022
Amparo Alcina Caudet;Conceptos y términos para una pandemia;panacea22-55_16_Resenas_01_Alcina.pdf;55;Reseñas;https://www.tremedica.org/wp-content/uploads/panacea22-55_16_Resenas_01_Alcina.pdf;2022
Carlos Garrido Rodrigues;Redacción defectuosa en el texto de partida destinado a la enseñanza o divulgación de la ciencia: relevancia para la práctica y la docencia de la traducción especializada;panacea22-55_06_Tribuna_03_GarridoRodrigues.pdf;55;Tribuna;https://www.tremedica.org/wp-content/uploads/panacea22-55_06_Tribuna_03_GarridoRodrigues.pdf;2022
Constanza Suy Álvarez|Walter Adrián Koza;Análisis automático de la estructura argumental de predicados de la medicina desde la léxico-gramática: una aplicación al subdominio de la ginecología y la obstetricia;panacea22-55_10_Tribuna_07_SuyAlvarez_Koza.pdf;55;Tribuna;https://www.tremedica.org/wp-content/uploads/panacea22-55_10_Tribuna_07_SuyAlvarez_Koza.pdf;2022
Francisco Bautista Becerro|Margarita Valero Juan|María de los Ángeles Recio Ariza;La traducción médico-farmacéutica en los Grados de Traducción e Interpretación en las universidades españolas: la opinión de los profesores;panacea22-55_07_Tribuna_04_BautistaBecerro_et_al.pdf;55;Tribuna;https://www.tremedica.org/wp-content/uploads/panacea22-55_07_Tribuna_04_BautistaBecerro_et_al.pdf;2022
Gisella Policastro Ponce;Hacia una visión renovada de la industria de la traducción médica (en-es);panacea22-55_18_Resenas_03_PolicastroPonce.pdf;55;Reseñas;https://www.tremedica.org/wp-content/uploads/panacea22-55_18_Resenas_03_PolicastroPonce.pdf;2022
Isabel García Cutillas;La guerra de las mayúsculas;panacea22-55_15_Entremeses_05_GarciaCutillas.pdf;55;Entremeses;https://www.tremedica.org/wp-content/uploads/panacea22-55_15_Entremeses_05_GarciaCutillas.pdf;2022
Javier Sánchez Camacho Rodríguez de Guzmán;Calidad y pertinencia de las traducciones de protocolos de ensayo clínico y documentos relacionados según miembros de comités de ética españoles;panacea22-55_05_Tribuna_02_SanchezCamacho.pdf;55;Tribuna;https://www.tremedica.org/wp-content/uploads/panacea22-55_05_Tribuna_02_SanchezCamacho.pdf;2022
Leticia Arcos Álvarez;Nacidas para hacer historia;panacea22-55_17_Resenas_02_ArcosAlvarez.pdf;55;Reseñas;https://www.tremedica.org/wp-content/uploads/panacea22-55_17_Resenas_02_ArcosAlvarez.pdf;2022
Lorenzo Gallego Borghini;Cuestiones de estilo en la traducción de protocolos de investigación clínica;panacea22-55_03_Terminologia_GallegoBorghini.pdf;55;Terminología;https://www.tremedica.org/wp-content/uploads/panacea22-55_03_Terminologia_GallegoBorghini.pdf;2022
María Luisa Rodríguez Muñoz;Nuestra ilustradora: la trascendencia de lo terrenal de Lucila Veloz;panacea22-55_19_Nuestra_ilustradora_RodriguezMunoz.pdf;55;Nuestr@ ilustrador@;https://www.tremedica.org/wp-content/uploads/panacea22-55_19_Nuestra_ilustradora_RodriguezMunoz.pdf;2022
Pablo von Stecher;Las revistas médicas y bioquímicas argentinas en la encrucijada: tensiones entre la visibilidad internacional y la resistencia lingüística;panacea22-55_08_Tribuna_05_vonStecher.pdf;55;Tribuna;https://www.tremedica.org/wp-content/uploads/panacea22-55_08_Tribuna_05_vonStecher.pdf;2022
Pilar Castillo Bernal;Ciencia abierta;panacea22-55_02_Editorial_CastilloBernal.pdf;55;Editorial;https://www.tremedica.org/wp-content/uploads/panacea22-55_02_Editorial_CastilloBernal.pdf;2022
Sandra Pérez Ramos;La traducción médica al servicio de la publicidad farmacéutica en el siglo xix: el caso del éter acético, de la sal amoniaco y del ácido nítrico en tres notas paratextuales de María Antonia Gutiérrez Bueno y Ahoiz;panacea22-55_04_Tribuna_01_PerezRamos.pdf;55;Tribuna;https://www.tremedica.org/wp-content/uploads/panacea22-55_04_Tribuna_01_PerezRamos.pdf;2022
Silvia Hurtado González;Relevancia de la literatura como recurso didáctico en la enseñanza del trastorno del espectro autista;panacea22-55_09_Tribuna_06_HurtadoGonzalez.pdf;55;Tribuna;https://www.tremedica.org/wp-content/uploads/panacea22-55_09_Tribuna_06_HurtadoGonzalez.pdf;2022
TERMCAT, Centre de Terminologia;Una visió històrica de les contribucions dels metges catalans a la medicina;panacea22-55_13_Entremeses_03_Termcat.pdf;55;Entremeses;https://www.tremedica.org/wp-content/uploads/panacea22-55_13_Entremeses_03_Termcat.pdf;2022
TERMCAT, Centre de Terminologia;Additiu alimentar;panacea22-55_14_Entremeses_04_Termcat.pdf;55;Entremeses;https://www.tremedica.org/wp-content/uploads/panacea22-55_14_Entremeses_04_Termcat.pdf;2022
Alberto Fernández-Costales;La traducción audiovisual didáctica (TAD) en el ámbito sanitario: estudio exploratorio sobre las posibilidades pedagógicas en logopedia;panacea22-56_04_Tribuna_03_Fernandez-Costales_et-al.pdf;56;Tribuna;https://www.tremedica.org/wp-content/uploads/panacea22-56_04_Tribuna_03_Fernandez-Costales_et-al.pdf;2022
Noa Talaván Zanón;La traducción audiovisual didáctica (TAD) en el ámbito sanitario: estudio exploratorio sobre las posibilidades pedagógicas en logopedia;panacea22-56_04_Tribuna_03_Fernandez-Costales_et-al.pdf;56;Tribuna;https://www.tremedica.org/wp-content/uploads/panacea22-56_04_Tribuna_03_Fernandez-Costales_et-al.pdf;2022
Antonio Jesús Tinedo Rodríguez;La traducción audiovisual didáctica (TAD) en el ámbito sanitario: estudio exploratorio sobre las posibilidades pedagógicas en logopedia;panacea22-56_04_Tribuna_03_Fernandez-Costales_et-al.pdf;56;Tribuna;https://www.tremedica.org/wp-content/uploads/panacea22-56_04_Tribuna_03_Fernandez-Costales_et-al.pdf;2022
Alejandro García-Aragón;Formantes griegos en el ámbito biosanitario: los casos de orqui– y didim–;panacea22-56_08_Entremeses_01_Garcia-Aragon.pdf;56;Entremeses;https://www.tremedica.org/wp-content/uploads/panacea22-56_08_Entremeses_01_Garcia-Aragon.pdf;2022
Alejandro García-Aragón;Formantes griegos en el ámbito biosanitario: el caso de mast(o)–;panacea22-56_09_Entremeses_02_Garcia-Aragon.pdf;56;Entremeses;https://www.tremedica.org/wp-content/uploads/panacea22-56_09_Entremeses_02_Garcia-Aragon.pdf;2022
Alejandro Pérez Losada;La delgada línea entre la ciencia y la ficción;panacea22-56_14_Resenas_03_PerezLosada.pdf;56;Reseñas;https://www.tremedica.org/wp-content/uploads/panacea22-56_14_Resenas_03_PerezLosada.pdf;2022
Antonio Hermán-Carvajal|Maribel Tercedor Sánchez;Textos audiovisuales sobre salud para adolescentes y jóvenes adultos: análisis de estrategias lingüísticas aplicadas a través del uso de elementos emocionales;panacea22-56_05_Tribuna_04_Herman-Carvajal_TercedorSanchez.pdf;56;Tribuna;https://www.tremedica.org/wp-content/uploads/panacea22-56_05_Tribuna_04_Herman-Carvajal_TercedorSanchez.pdf;2022
Claudia-Ioana Macrea|Blanca Arias-Badia|Sergi Torner Castells;El inglés biosanitario en YouTube: recepción del uso de series y subtitulado en vídeos de aprendizaje;panacea22-56_07_Tribuna_06_Macrea_et_al.pdf;56;Tribuna;https://www.tremedica.org/wp-content/uploads/panacea22-56_07_Tribuna_06_Macrea_et_al.pdf;2022
Darío Vázquez Filgueira;Lo que la divulgación esconde;panacea22-56_12_Resenas_01_VazquezFilgueira.pdf;56;Reseñas;https://www.tremedica.org/wp-content/uploads/panacea22-56_12_Resenas_01_VazquezFilgueira.pdf;2022
Elena Avanzas Álvarez;¿«Todo el mundo miente»? Adquisición de conocimiento médico-sanitario a través de la forma y el discurso de la ficción criminal en las series de televisión biomédicas;panacea22-56_02_Tribuna_01_AvanzasAlvarez.pdf;56;Tribuna;https://www.tremedica.org/wp-content/uploads/panacea22-56_02_Tribuna_01_AvanzasAlvarez.pdf;2022
Francisca García Luque;Características de la traducción de documentos audiovisuales de divulgación científica sobre temas biosanitarios para el público infantil: Il était une fois… la vie, un estudio de caso;panacea22-56_06_Tribuna_05_GarciaLuque.pdf;56;Tribuna;https://www.tremedica.org/wp-content/uploads/panacea22-56_06_Tribuna_05_GarciaLuque.pdf;2022
M.ª del Mar Ogea Pozo|Carla Botella Tejera;Mucho más que un vídeo divulgativo: la traducción audiovisual de temática médica y sus múltiples aplicaciones;panacea22-56_01_Editorial_OgeaPozo_BotellaTejera.pdf;56;Editorial;https://www.tremedica.org/wp-content/uploads/panacea22-56_01_Editorial_OgeaPozo_BotellaTejera.pdf;2022
M.ª Esther Gómez Pulgarín;Aplicaciones de la traducción audiovisual didáctica (tad) en el aprendizaje de lenguas extranjeras;panacea22-56_13_Resenas_02_GomezPulgarin.pdf;56;Reseñas;https://www.tremedica.org/wp-content/uploads/panacea22-56_13_Resenas_02_GomezPulgarin.pdf;2022
María Luisa Rodríguez Muñoz;Nuestra ilustradora: el misterio de las mujeres de Lucía Ley Bernal;panacea22-56_15_Nuestra_Ilustradora_RodriguezMunoz.pdf;56;Nuestr@ ilustrador@;https://www.tremedica.org/wp-content/uploads/panacea22-56_15_Nuestra_Ilustradora_RodriguezMunoz.pdf;2022
Ottavia Carlino;El proyecto ABC Stereo: bases teóricas y posibles aplicaciones;panacea22-56_03_Tribuna_02_Carlino.pdf;56;Tribuna;https://www.tremedica.org/wp-content/uploads/panacea22-56_03_Tribuna_02_Carlino.pdf;2022
TERMCAT, Centre de Terminologia;Partícules en suspensió, PM o aerosols?;panacea22-56_10_Entremeses_03_Termcat.pdf;56;Entremeses;https://www.tremedica.org/wp-content/uploads/panacea22-56_10_Entremeses_03_Termcat.pdf;2022
TERMCAT, Centre de Terminologia;Els reconeixements sistemàtics: cara i creu;panacea22-56_11_Entremeses_04_Termcat.pdf;56;Entremeses;https://www.tremedica.org/wp-content/uploads/panacea22-56_11_Entremeses_04_Termcat.pdf;2022
Alejandro García-Aragón;Formantes griegos en el ámbito biosanitario: los casos de -odin-, -alg- y -pon-;panacea23-57_08_Entremeses_01_Garcia-Aragon.pdf;57;Entremeses;https://www.tremedica.org/wp-content/uploads/panacea23-57_08_Entremeses_01_Garcia-Aragon.pdf;2023
Alejandro García-Aragón;Formantes griegos en el ámbito biosanitario: el caso de -hedon-;panacea23-57_09_Entremeses_02_Garcia-Aragon.pdf;57;Entremeses;https://www.tremedica.org/wp-content/uploads/panacea23-57_09_Entremeses_02_Garcia-Aragon.pdf;2023
Ana Varela Suárez;TeLeMe: un tesoro para investigar y traducir: Tesoros lexicográficos y terminología médica. La explotación del recurso TeLeMe.;panacea23-57_17_Resenas_03_VarelaSuarez.pdf;57;Reseñas;https://www.tremedica.org/wp-content/uploads/panacea23-57_17_Resenas_03_VarelaSuarez.pdf;2023
Celina Diwisch|Laeticia Lucie Abihssira García;La meditación de atención plena como herramienta para fomentar la regulación emocional en intérpretes en los servicios públicos;panacea23-57_06_Tribuna_03_Diwisch_AbihssiraGarcia.pdf;57;Tribuna;https://www.tremedica.org/wp-content/uploads/panacea23-57_06_Tribuna_03_Diwisch_AbihssiraGarcia.pdf;2023
Cristina Sola;La lectura fácil desde dentro: ¿logro social o gueto cognitivo? Reflexiones para una metodología colaborativa;panacea23-57_05_Tribuna_02_Sola.pdf;57;Tribuna;https://www.tremedica.org/wp-content/uploads/panacea23-57_05_Tribuna_02_Sola.pdf;2023
Fernando A. Navarro;Glosario de términos parecidos en los textos médicos en alemán;panacea23-57_02_Terminologia_01_Navarro.pdf;57;Terminología;https://www.tremedica.org/wp-content/uploads/panacea23-57_02_Terminologia_01_Navarro.pdf;2023
Irene Fuentes-Pérez;De cómo la palabra moldea la ciencia: La ciencia en la literatura española (siglos XVI-XIX);panacea23-57_15_Resenas_01_Fuentes-Perez.pdf;57;Reseñas;https://www.tremedica.org/wp-content/uploads/panacea23-57_15_Resenas_01_Fuentes-Perez.pdf;2023
Juan Manuel Fischer Rodríguez;El jardín botánico de la medicina catalana: Eponímia mèdica catalana (IV);panacea23-57_16_Resenas_02_FischerRodriguez.pdf;57;Reseñas;https://www.tremedica.org/wp-content/uploads/panacea23-57_16_Resenas_02_FischerRodriguez.pdf;2023
Lorenzo Gallego Borghini;Adjetivos invasivos: specific, individual y unique;panacea23-57_03_Terminologia_02_GallegoBorghini.pdf;57;Terminología;https://www.tremedica.org/wp-content/uploads/panacea23-57_03_Terminologia_02_GallegoBorghini.pdf;2023
Lorenzo Gallego Borghini;El covid y la lluvia;panacea23-57_10_Entremeses_03_GallegoBorghini.pdf;57;Entremeses;https://www.tremedica.org/wp-content/uploads/panacea23-57_10_Entremeses_03_GallegoBorghini.pdf;2023
Lorenzo Gallego Borghini;Gloria y miseria del término negacionista;panacea23-57_11_Entremeses_04_GallegoBorghini.pdf;57;Entremeses;https://www.tremedica.org/wp-content/uploads/panacea23-57_11_Entremeses_04_GallegoBorghini.pdf;2023
Lorenzo Gallego Borghini;Días de nieve;panacea23-57_12_Entremeses_05_GallegoBorghini.pdf;57;Entremeses;https://www.tremedica.org/wp-content/uploads/panacea23-57_12_Entremeses_05_GallegoBorghini.pdf;2023
María Luisa Rodríguez Muñoz;Miguel Peñaranda: poesía cibernética a la orilla del Júcar;panacea23-57_18_Nuestro_Ilustrador_RodriguezMunoz.pdf;57;Nuestr@ ilustrador@;https://www.tremedica.org/wp-content/uploads/panacea23-57_18_Nuestro_Ilustrador_RodriguezMunoz.pdf;2023
Miao Peng;The Transcultural Travel of Smallpox Immunisation Practices: From Variolation to Vaccination;panacea23-57_04_Tribuna_01_Peng.pdf;57;Tribuna;https://www.tremedica.org/wp-content/uploads/panacea23-57_04_Tribuna_01_Peng.pdf;2023
Pilar Castillo Bernal;Pluralidad;panacea23-57_01_Editorial_CastilloBernal.pdf;57;Editorial;https://www.tremedica.org/wp-content/uploads/panacea23-57_01_Editorial_CastilloBernal.pdf;2023
Sarah Ahrens;Einfache Fremdwörter und komplexe Erklärungen: Zur Lexik in Gesundheitstexten in Standardsprache und Einfacher Sprache für Zielgruppen mit Deutsch als Zweitsprache;panacea23-57_07_Tribuna_04_Ahrens.pdf;57;Tribuna;https://www.tremedica.org/wp-content/uploads/panacea23-57_07_Tribuna_04_Ahrens.pdf;2023
TERMCAT, Centre de Terminologia;L’actualitat, en clau terminològica;panacea23-57_13_Entremeses_06_Termcat.pdf;57;Entremeses;https://www.tremedica.org/wp-content/uploads/panacea23-57_13_Entremeses_06_Termcat.pdf;2023
TERMCAT, Centre de Terminologia;Terres rares: un tresor estratègic i un nom ambigu;panacea23-57_14_Entremeses_07_Termcat.pdf;57;Entremeses;https://www.tremedica.org/wp-content/uploads/panacea23-57_14_Entremeses_07_Termcat.pdf;2023
Alejandro García-Aragón;Curiosidades terminológicas en medicina;panacea23-58_15_Entremeses_03_Garcia-Aragon.pdf;58;Entremeses;https://www.tremedica.org/wp-content/uploads/panacea23-58_15_Entremeses_03_Garcia-Aragon.pdf;2023
Alejandro García-Aragón;Avances en la terminología médica;panacea23-58_03_Terminologia_Garcia-Aragon_et_al.pdf;58;Terminología;https://www.tremedica.org/wp-content/uploads/panacea23-58_03_Terminologia_Garcia-Aragon_et_al.pdf;2023
Ana Mapelli;Desafíos en la traducción de textos médicos complejos;panacea23-58_05_Tribuna_02_Mapelli.pdf;58;Tribuna;https://www.tremedica.org/wp-content/uploads/panacea23-58_05_Tribuna_02_Mapelli.pdf;2023
Ana Pacheco Baldo;La influencia de la cultura en la traducción médica;panacea23-58_11_Tribuna_08_PachecoBaldo.pdf;58;Tribuna;https://www.tremedica.org/wp-content/uploads/panacea23-58_11_Tribuna_08_PachecoBaldo.pdf;2023
Ana Rodríguez Muñoz;Entrevista a nuestra ilustradora: reflexiones sobre arte médico;panacea23-58_19_Nuestra_Ilustradora_RodriguezMunoz.pdf;58;Nuestra Ilustradora;https://www.tremedica.org/wp-content/uploads/panacea23-58_19_Nuestra_Ilustradora_RodriguezMunoz.pdf;2023
José Pérez Estevan;La traducción de protocolos clínicos: una guía práctica;panacea23-58_10_Tribuna_07_PerezEstevan.pdf;58;Tribuna;https://www.tremedica.org/wp-content/uploads/panacea23-58_10_Tribuna_07_PerezEstevan.pdf;2023
Juan Maroto, María Fernández, Luis Argüello-Casteleiro;La importancia de la formación en traducción médica;panacea23-58_06_Tribuna_03_Maroto_Fernandez_Arguello-Casteleiro.pdf;58;Tribuna;https://www.tremedica.org/wp-content/uploads/panacea23-58_06_Tribuna_03_Maroto_Fernandez_Arguello-Casteleiro.pdf;2023
Laura González Rodríguez;La traducción de manuales médicos: retos y soluciones;panacea23-58_08_Tribuna_05_GonzalezRodriguez.pdf;58;Tribuna;https://www.tremedica.org/wp-content/uploads/panacea23-58_08_Tribuna_05_GonzalezRodriguez.pdf;2023
Laura Guardiola Savall;"Reseña de ""La traducción médica: principios y práctica""";panacea23-58_16_Resenas_01_GuardiolaSavall.pdf;58;Reseñas;https://www.tremedica.org/wp-content/uploads/panacea23-58_16_Resenas_01_GuardiolaSavall.pdf;2023
Luis Reyes Herrero;"Reseña de ""Manual de traducción médica: técnicas y práctica""";panacea23-58_18_Resenas_03_ReyesHerrero.pdf;58;Reseñas;https://www.tremedica.org/wp-content/uploads/panacea23-58_18_Resenas_03_ReyesHerrero.pdf;2023
Luis Santamaría;La traducción médica en la era digital;panacea23-58_04_Tribuna_01_Santamaria.pdf;58;Tribuna;https://www.tremedica.org/wp-content/uploads/panacea23-58_04_Tribuna_01_Santamaria.pdf;2023
Luis Santamaría, Marta Congost;Editorial;panacea23-58_02_Editorial_Santamaria_Congost.pdf;58;Editorial;https://www.tremedica.org/wp-content/uploads/panacea23-58_02_Editorial_Santamaria_Congost.pdf;2023
María Lillo Crespo;La traducción médica y la comunicación intercultural;panacea23-58_12_Tribuna_09_LilloCrespo.pdf;58;Tribuna;https://www.tremedica.org/wp-content/uploads/panacea23-58_12_Tribuna_09_LilloCrespo.pdf;2023
Marta Fernández-Alcántara, Marta Congost-Maestre, María Cabañero-Martínez;La terminología médica en la práctica clínica;panacea23-58_09_Tribuna_06_Fernandez-Alcantara_Congost-Maestre_Cabanero-Martinez.pdf;58;Tribuna;https://www.tremedica.org/wp-content/uploads/panacea23-58_09_Tribuna_06_Fernandez-Alcantara_Congost-Maestre_Cabanero-Martinez.pdf;2023
Marta Martínez Sánchez;"Reseña de ""La terminología médica: retos actuales""";panacea23-58_17_Resenas_02_MartinezSanchez.pdf;58;Reseñas;https://www.tremedica.org/wp-content/uploads/panacea23-58_17_Resenas_02_MartinezSanchez.pdf;2023
Pedro Muñoz-García, Ana Lloret, Luis Santamaría;Colaboración interdisciplinaria en la traducción médica;panacea23-58_07_Tribuna_04_Munoz-Garcia_Lloret_Santamaria.pdf;58;Tribuna;https://www.tremedica.org/wp-content/uploads/panacea23-58_07_Tribuna_04_Munoz-Garcia_Lloret_Santamaria.pdf;2023
TERMCAT;Novedades terminológicas en el ámbito sanitario;panacea23-58_13_Entremeses_01_Termcat.pdf;58;Entremeses;https://www.tremedica.org/wp-content/uploads/panacea23-58_13_Entremeses_01_Termcat.pdf;2023
TERMCAT;Actualizaciones en la terminología médica;panacea23-58_14_Entremeses_02_Termcat.pdf;58;Entremeses;https://www.tremedica.org/wp-content/uploads/panacea23-58_14_Entremeses_02_Termcat.pdf;2023
Alejandro García-Aragón;La importancia de la precisión en la traducción médica;panacea24-59_04_Miscelanea_Garcia-Aragon.pdf;59;Miscelánea;https://www.tremedica.org/wp-content/uploads/panacea24-59_04_Miscelanea_Garcia-Aragon.pdf;2024
Alejandro García-Aragón;Curiosidades terminológicas en medicina;panacea24-59_15_Entremeses_Garcia-Aragon.pdf;59;Entremeses;https://www.tremedica.org/wp-content/uploads/panacea24-59_15_Entremeses_Garcia-Aragon.pdf;2024
Alejandro García-Aragón;Anécdotas de la traducción médica;panacea24-59_16_Entremeses_Garcia-Aragon.pdf;59;Entremeses;https://www.tremedica.org/wp-content/uploads/panacea24-59_16_Entremeses_Garcia-Aragon.pdf;2024
Ana Peláez Torres, Laura Varela Suárez;"Reseña de ""Glosario de términos médicos""";panacea24-59_22_Resenas_PelaezTorres-VarelaSuarez.pdf;59;Reseñas;https://www.tremedica.org/wp-content/uploads/panacea24-59_22_Resenas_PelaezTorres-VarelaSuarez.pdf;2024
Ana Torres;Desafíos en la traducción de textos médicos contemporáneos;panacea24-59_05_Miscelanea_Torres.pdf;59;Miscelánea;https://www.tremedica.org/wp-content/uploads/panacea24-59_05_Miscelanea_Torres.pdf;2024
Ana Zurita Campos, Luis Martínez López;La formación de traductores médicos: una necesidad urgente;panacea24-59_12_Tribuna_ZuritaCampos_MartinezLopez.pdf;59;Tribuna;https://www.tremedica.org/wp-content/uploads/panacea24-59_12_Tribuna_ZuritaCampos_MartinezLopez.pdf;2024
Carlos Moreno;Ética y responsabilidad en la traducción médica;panacea24-59_13_Tribuna_Moreno.pdf;59;Tribuna;https://www.tremedica.org/wp-content/uploads/panacea24-59_13_Tribuna_Moreno.pdf;2024
Graciela Leibaschoff;La evolución de la terminología médica en el siglo XXI;panacea24-59_06_Miscelanea_Leibaschoff.pdf;59;Miscelánea;https://www.tremedica.org/wp-content/uploads/panacea24-59_06_Miscelanea_Leibaschoff.pdf;2024
Javier Río López;"Reseña de ""Diccionario de términos médicos""";panacea24-59_23_Resenas_RioLopez.pdf;59;Reseñas;https://www.tremedica.org/wp-content/uploads/panacea24-59_23_Resenas_RioLopez.pdf;2024
José Fabila Castillo;"Reseña de ""La traducción médica: principios y práctica""";panacea24-59_20_Resenas_FabilaCastillo.pdf;59;Reseñas;https://www.tremedica.org/wp-content/uploads/panacea24-59_20_Resenas_FabilaCastillo.pdf;2024
José Martínez;Nuevas tendencias en la terminología médica;panacea24-59_07_Terminologia_Martinez.pdf;59;Terminología;https://www.tremedica.org/wp-content/uploads/panacea24-59_07_Terminologia_Martinez.pdf;2024
Juan Álvarez;Entrevista con el ilustrador médico Juan Álvarez;panacea24-59_24_NuestroIlustrador_Alvarez.pdf;59;Nuestr@ ilustrador@;https://www.tremedica.org/wp-content/uploads/panacea24-59_24_NuestroIlustrador_Alvarez.pdf;2024
Juan Martí-Lorente;Retos actuales en la traducción de ensayos clínicos;panacea24-59_10_Tribuna_Marti-Lorente.pdf;59;Tribuna;https://www.tremedica.org/wp-content/uploads/panacea24-59_10_Tribuna_Marti-Lorente.pdf;2024
Laura Pérez Hernández, Carmen Bolaños Medina;La traducción de textos médicos: una perspectiva interdisciplinaria;panacea24-59_14_Tribuna_PerezHernandez_BolanosMedina.pdf;59;Tribuna;https://www.tremedica.org/wp-content/uploads/panacea24-59_14_Tribuna_PerezHernandez_BolanosMedina.pdf;2024
Lorenzo Gallego Borghini;Reflexiones sobre la terminología médica actual;panacea24-59_03_Miscelanea_GallegoBorghini.pdf;59;Miscelánea;https://www.tremedica.org/wp-content/uploads/panacea24-59_03_Miscelanea_GallegoBorghini.pdf;2024
Lorenzo Gallego Borghini, Ana María Atienza;Colaboración interdisciplinaria en la creación de glosarios médicos;panacea24-59_08_Terminologia_GallegoBorghini_Atienza.pdf;59;Terminología;https://www.tremedica.org/wp-content/uploads/panacea24-59_08_Terminologia_GallegoBorghini_Atienza.pdf;2024
María Bruned;La traducción médica en España: una perspectiva histórica;panacea24-59_02_Miscelanea_Bruned.pdf;59;Miscelánea;https://www.tremedica.org/wp-content/uploads/panacea24-59_02_Miscelanea_Bruned.pdf;2024
María Colantonio;La traducción médica y su impacto en la práctica clínica;panacea24-59_09_Tribuna_Colantonio.pdf;59;Tribuna;https://www.tremedica.org/wp-content/uploads/panacea24-59_09_Tribuna_Colantonio.pdf;2024
María Sánchez Trigo;"Reseña de ""Terminología médica: una introducción""";panacea24-59_21_Resenas_SanchezTrigo.pdf;59;Reseñas;https://www.tremedica.org/wp-content/uploads/panacea24-59_21_Resenas_SanchezTrigo.pdf;2024
Marta Garrido Díaz;Errores comunes en la traducción de términos médicos;panacea24-59_17_Entremeses_GarridoDiaz.pdf;59;Entremeses;https://www.tremedica.org/wp-content/uploads/panacea24-59_17_Entremeses_GarridoDiaz.pdf;2024
Peng Miao, et al.;La influencia de la cultura en la traducción médica;panacea24-59_11_Tribuna_Miao_et_al.pdf;59;Tribuna;https://www.tremedica.org/wp-content/uploads/panacea24-59_11_Tribuna_Miao_et_al.pdf;2024
Pilar Castillo Bernal;Editorial;panacea24-59_01_Editorial_CastilloBernal.pdf;59;Editorial;https://www.tremedica.org/wp-content/uploads/panacea24-59_01_Editorial_CastilloBernal.pdf;2024
TERMCAT;Novedades terminológicas en el ámbito sanitario;panacea24-59_18_Entremeses_Termcat.pdf;59;Entremeses;https://www.tremedica.org/wp-content/uploads/panacea24-59_18_Entremeses_Termcat.pdf;2024
TERMCAT;Actualizaciones en la terminología médica;panacea24-59_19_Entremeses_Termcat.pdf;59;Entremeses;https://www.tremedica.org/wp-content/uploads/panacea24-59_19_Entremeses_Termcat.pdf;2024